{"Apple": {"Saved Path": "/home/studio-lab-user/Krishi/models/Apple.h5", "Accuracy Metrics": {"Train Accuracy": 0.9990991950035095, "Test Accuracy": 1.0, "Val Accuracy": 0.9931311011314392}, "Loss Metrics": {"Train Loss": 0.003536781994625926, "Test Loss": 0.006304842885583639, "Val Loss": 0.027725819498300552}, "Training History": {"loss": [0.7941518425941467, 0.42541947960853577, 0.2859087884426117, 0.19786523282527924, 0.14744305610656738, 0.12738874554634094, 0.086025170981884, 0.06869204342365265, 0.057729143649339676, 0.07025806605815887, 0.051734279841184616, 0.055139124393463135, 0.021905699744820595, 0.03471310809254646, 0.02487187273800373, 0.03532953932881355, 0.016256196424365044, 0.0360860712826252, 0.0445854514837265, 0.005236882250756025, 0.03269963338971138, 0.014177897945046425, 0.010854416526854038, 0.0523405596613884, 0.008960982784628868], "accuracy": [0.6586024761199951, 0.8392742276191711, 0.8958950042724609, 0.9288380146026611, 0.9473684430122375, 0.9568910002708435, 0.9667996168136597, 0.9745206832885742, 0.9805687665939331, 0.9751640558242798, 0.9810835123062134, 0.9795393347740173, 0.9938231706619263, 0.9866169095039368, 0.990477442741394, 0.987131655216217, 0.9944666028022766, 0.9880324006080627, 0.9835284948348999, 0.9983271360397339, 0.9908634424209595, 0.9957534670829773, 0.9957534670829773, 0.982241690158844, 0.9974263310432434], "val_loss": [0.5522056221961975, 0.31337136030197144, 0.2739908993244171, 0.15839269757270813, 0.13990922272205353, 0.12854941189289093, 0.10288295149803162, 0.09550043195486069, 0.10424478352069855, 0.0869981124997139, 0.056415751576423645, 0.07358043640851974, 0.12687720358371735, 0.054580286145210266, 0.06662490218877792, 0.13375741243362427, 0.0352184921503067, 0.12886972725391388, 0.021215924993157387, 0.05102533847093582, 0.11326537281274796, 0.027725815773010254, 0.04746372625231743, 0.13728764653205872, 0.024929573759436607], "val_accuracy": [0.7899255752563477, 0.8889524936676025, 0.8981110453605652, 0.9381797313690186, 0.9502003192901611, 0.9564968347549438, 0.9593589305877686, 0.9570692777633667, 0.9708070755004883, 0.9650830030441284, 0.9788208603858948, 0.9765312075614929, 0.9553520083427429, 0.9793932437896729, 0.9811104536056519, 0.9519175887107849, 0.9902690052986145, 0.9559244513511658, 0.9925586581230164, 0.9856897592544556, 0.9622209668159485, 0.9931311011314392, 0.9885517954826355, 0.9473382830619812, 0.9925586581230164]}}, "Bell Pepper": {"Saved Path": "/home/studio-lab-user/Krishi/models/Bell Pepper.h5", "Accuracy Metrics": {"Train Accuracy": 0.998974621295929, "Test Accuracy": 1.0, "Val Accuracy": 0.9988597631454468}, "Loss Metrics": {"Train Loss": 0.0020407005213201046, "Test Loss": 0.000348842004314065, "Val Loss": 0.005651696585118771}, "Training History": {"loss": [0.31374624371528625, 0.11101856827735901, 0.051152653992176056, 0.03045215830206871, 0.01620551384985447, 0.00756606413051486, 0.016535988077521324, 0.010709320195019245, 0.008993088267743587, 0.021189497783780098, 0.006671828217804432, 0.0006765919970348477], "accuracy": [0.8523455262184143, 0.9648808240890503, 0.9841066598892212, 0.9912843108177185, 0.9958984851837158, 0.9979492425918579, 0.9958984851837158, 0.9974365830421448, 0.9964112043380737, 0.9917969703674316, 0.9984619617462158, 0.999743640422821], "val_loss": [0.09373387694358826, 0.13593031466007233, 0.1123032346367836, 0.0298432819545269, 0.02506263740360737, 0.022725073620676994, 0.023044535890221596, 0.03849802911281586, 0.005651696585118771, 0.008816679008305073, 0.003916374407708645, 0.007233570329844952], "val_accuracy": [0.9680729508399963, 0.9646522402763367, 0.9680729508399963, 0.9897377490997314, 0.9897377490997314, 0.9954389929771423, 0.9942987561225891, 0.9897377490997314, 0.9988597631454468, 0.9965792298316956, 0.9988597631454468, 0.9988597631454468]}}, "Cherry": {"Saved Path": "/home/studio-lab-user/Krishi/models/Cherry.h5", "Accuracy Metrics": {"Train Accuracy": 0.9997150301933289, "Test Accuracy": 1.0, "Val Accuracy": 0.9987309575080872}, "Loss Metrics": {"Train Loss": 0.0011677945731207728, "Test Loss": 0.0002592456585261971, "Val Loss": 0.002977828960865736}, "Training History": {"loss": [0.22088952362537384, 0.04100242257118225, 0.02717829868197441, 0.01479332521557808, 0.013855003751814365, 0.012490049004554749, 0.00868909526616335, 0.007933048531413078, 0.0007731339428573847], "accuracy": [0.892846941947937, 0.9880307912826538, 0.9931604266166687, 0.9960102438926697, 0.9965802431106567, 0.9962952136993408, 0.9968652129173279, 0.9962952136993408, 0.9997150301933289], "val_loss": [0.06397750973701477, 0.017526866868138313, 0.031927984207868576, 0.02423527091741562, 0.0200821366161108, 0.0029778291936963797, 0.051224421709775925, 0.0077751451171934605, 0.001772134331986308], "val_accuracy": [0.9809644818305969, 0.9949238300323486, 0.9961928725242615, 0.989847719669342, 0.9949238300323486, 0.9987309575080872, 0.9885786771774292, 0.9974619150161743, 0.9987309575080872]}}, "Corn (Maize)": {"Saved Path": "/home/studio-lab-user/Krishi/models/Corn (Maize).h5", "Accuracy Metrics": {"Train Accuracy": 0.9719792008399963, "Test Accuracy": 0.945652186870575, "Val Accuracy": 0.9702127575874329}, "Loss Metrics": {"Train Loss": 0.07370781153440475, "Test Loss": 0.6342651844024658, "Val Loss": 0.08791065961122513}, "Training History": {"loss": [0.5595694184303284, 0.20273283123970032, 0.15506914258003235, 0.14097248017787933, 0.1085708811879158, 0.11312265694141388, 0.09973765164613724, 0.09697304666042328, 0.08207252621650696, 0.08451967686414719, 0.06392227858304977], "accuracy": [0.7281301021575928, 0.927692711353302, 0.9428649544715881, 0.9483324289321899, 0.9592673778533936, 0.9576271176338196, 0.964051365852356, 0.9671952128410339, 0.9700655937194824, 0.9673318862915039, 0.9753963947296143], "val_loss": [0.2504580318927765, 0.14326417446136475, 0.17831414937973022, 0.15321113169193268, 0.09465720504522324, 0.1335294246673584, 0.09936739504337311, 0.08791065216064453, 0.12480951845645905, 0.11443852633237839, 0.12329632043838501], "val_accuracy": [0.9051671624183655, 0.9477203488349915, 0.9319148659706116, 0.9495440721511841, 0.9665653705596924, 0.9568389058113098, 0.9659574627876282, 0.9702127575874329, 0.9550151824951172, 0.954407274723053, 0.9610942006111145]}}, "Grape": {"Saved Path": "/home/studio-lab-user/Krishi/models/Grape.h5", "Accuracy Metrics": {"Train Accuracy": 1.0, "Test Accuracy": 0.9945054650306702, "Val Accuracy": 0.9932224154472351}, "Loss Metrics": {"Train Loss": 0.00013146236597094685, "Test Loss": 0.013132060877978802, "Val Loss": 0.032846421003341675}, "Training History": {"loss": [0.9991168975830078, 0.3674009442329407, 0.17896252870559692, 0.10254357010126114, 0.06798822432756424, 0.05478258058428764, 0.043102703988552094, 0.029933098703622818, 0.018734516575932503, 0.0418512336909771, 0.015765085816383362, 0.04034874960780144, 0.007595412898808718, 0.0054007526487112045, 0.015177004039287567, 0.0035521453246474266, 0.002597150858491659, 0.00010503972589503974, 4.898515544482507e-05, 3.29242211591918e-05], "accuracy": [0.5325394868850708, 0.8595956563949585, 0.9332594871520996, 0.9637219309806824, 0.975768506526947, 0.9797840118408203, 0.9854611158370972, 0.989061176776886, 0.993630588054657, 0.987122654914856, 0.9952921867370605, 0.9867072701454163, 0.997507631778717, 0.9984768629074097, 0.9957075715065002, 0.9990307688713074, 0.9993076920509338, 1.0, 1.0, 1.0], "val_loss": [0.550785481929779, 0.2561381459236145, 0.12891843914985657, 0.07499770820140839, 0.06253747642040253, 0.05585227161645889, 0.05968513339757919, 0.05231423303484917, 0.044292014092206955, 0.03500574082136154, 0.05466966703534126, 0.03838307783007622, 0.04351591691374779, 0.04018624871969223, 0.026655470952391624, 0.03941299393773079, 0.032846417278051376, 0.03233521804213524, 0.033466365188360214, 0.03385031968355179],